expense_id,date,vendor,category,description,amount,tax_amount,currency,payment_method,is_billable,notes
EXP-5009,2025-05-18,USPS,Shipping & Postage,First-class & priority shipping,185.58,0.00,USD,Business Credit Card,no,
EXP-5002,2025-05-18,UPS,Shipping & Postage,Outbound shipping labels,268.98,0.00,USD,Business Credit Card,no,
EXP-5020,2025-05-19,Meta Ads,Advertising & Marketing,Facebook & Instagram ad spend,692.88,0.00,USD,Business Credit Card,no,
EXP-5025,2025-05-20,Uline Packaging,Packaging & Supplies,"Boxes, mailers, void fill",1667.14,0.00,USD,ACH,no,
EXP-5010,2025-05-20,USPS,Shipping & Postage,First-class & priority shipping,116.71,0.00,USD,Business Credit Card,no,
EXP-5024,2025-05-20,Cedar Mill Lumber Co,Cost of Goods Sold,Cedar planter material,1890.03,0.00,USD,Business Credit Card,no,
EXP-5004,2025-05-20,UPS,Shipping & Postage,Outbound shipping labels,462.76,0.00,USD,Business Credit Card,no,
EXP-5016,2025-05-20,Stripe Fees,Bank & Processor Fees,Card processing fees,192.82,0.00,USD,Business Credit Card,no,
EXP-5019,2025-05-21,Meta Ads,Advertising & Marketing,Facebook & Instagram ad spend,3549.86,0.00,USD,Business Credit Card,no,
EXP-5011,2025-05-22,USPS,Shipping & Postage,First-class & priority shipping,91.01,0.00,USD,Business Credit Card,no,
EXP-5021,2025-05-22,Google Ads,Advertising & Marketing,Search & shopping ads,2195.46,0.00,USD,Business Credit Card,no,
EXP-5015,2025-05-23,Klaviyo,Software & Subscriptions,Email marketing platform,271.47,0.00,USD,Business Credit Card,no,
EXP-5029,2025-05-23,Hartford Business Insurance,Insurance,Annual business policy,340.00,0.00,USD,ACH,no,
EXP-5014,2025-05-23,ShipStation,Software & Subscriptions,Monthly subscription,36.44,0.00,USD,Business Credit Card,no,
EXP-5001,2025-05-24,UPS,Shipping & Postage,Outbound shipping labels,317.78,0.00,USD,Business Credit Card,no,
EXP-5022,2025-05-24,TikTok Ads,Advertising & Marketing,Paid social campaign,230.74,0.00,USD,Business Credit Card,no,
EXP-5018,2025-05-25,Meta Ads,Advertising & Marketing,Facebook & Instagram ad spend,1857.88,0.00,USD,Business Credit Card,no,
EXP-5013,2025-05-26,FedEx,Shipping & Postage,Express shipments,191.65,0.00,USD,Business Credit Card,no,
EXP-5026,2025-05-26,WeWork Studio Space,Rent,Monthly studio rent,1850.00,0.00,USD,ACH,no,
EXP-5012,2025-05-27,FedEx,Shipping & Postage,Express shipments,398.37,0.00,USD,Business Credit Card,no,
EXP-5017,2025-05-27,PayPal Fees,Bank & Processor Fees,Processing fees,253.33,0.00,USD,Business Credit Card,no,
EXP-5028,2025-05-27,AT&T Business,Utilities,Business internet & phone,138.81,0.00,USD,ACH,no,
EXP-5003,2025-05-27,UPS,Shipping & Postage,Outbound shipping labels,54.54,0.00,USD,Business Credit Card,no,
EXP-5023,2025-05-27,Adobe Creative Cloud,Software & Subscriptions,Design software subscription,69.62,0.00,USD,Business Credit Card,no,
EXP-5008,2025-05-28,USPS,Shipping & Postage,First-class & priority shipping,112.34,0.00,USD,Business Credit Card,no,
EXP-5072,2025-06-02,Meta Ads,Advertising & Marketing,Facebook & Instagram ad spend,1914.03,0.00,USD,Business Credit Card,no,
EXP-5070,2025-06-03,PayPal Fees,Bank & Processor Fees,Processing fees,72.03,0.00,USD,Business Credit Card,no,
EXP-5087,2025-06-04,Uline Packaging,Packaging & Supplies,"Boxes, mailers, void fill",1276.92,0.00,USD,Business Credit Card,no,
EXP-5052,2025-06-04,USPS,Shipping & Postage,First-class & priority shipping,150.17,0.00,USD,Business Credit Card,no,
EXP-5076,2025-06-05,Google Ads,Advertising & Marketing,Search & shopping ads,316.60,0.00,USD,Business Credit Card,no,
EXP-5033,2025-06-06,UPS,Shipping & Postage,Outbound shipping labels,247.82,0.00,USD,Business Credit Card,no,
EXP-5069,2025-06-06,PayPal Fees,Bank & Processor Fees,Processing fees,314.95,0.00,USD,Business Credit Card,no,
EXP-5046,2025-06-06,USPS,Shipping & Postage,First-class & priority shipping,236.15,0.00,USD,Business Credit Card,no,
EXP-5095,2025-06-07,California Franchise Tax Board,Taxes,Quarterly estimated tax,1312.50,0.00,USD,ACH,no,
EXP-5062,2025-06-07,Shopify,Software & Subscriptions,Monthly storefront subscription,215.52,0.00,USD,Business Credit Card,no,
EXP-5030,2025-06-10,UPS,Shipping & Postage,Outbound shipping labels,333.33,0.00,USD,Business Credit Card,no,
EXP-5081,2025-06-11,AWS,Software & Subscriptions,Cloud hosting & storage,309.14,0.00,USD,Business Credit Card,no,
EXP-5036,2025-06-12,UPS,Shipping & Postage,Outbound shipping labels,275.15,0.00,USD,Business Credit Card,no,
EXP-5051,2025-06-12,USPS,Shipping & Postage,First-class & priority shipping,196.48,0.00,USD,Business Credit Card,no,
EXP-5055,2025-06-13,FedEx,Shipping & Postage,Express shipments,158.75,0.00,USD,Business Credit Card,no,
EXP-5091,2025-06-13,Pacific Gas & Electric,Utilities,Studio utilities,196.45,0.00,USD,ACH,no,
EXP-5043,2025-06-13,USPS,Shipping & Postage,First-class & priority shipping,40.01,0.00,USD,Business Credit Card,no,
EXP-5059,2025-06-13,FedEx,Shipping & Postage,Express shipments,249.47,0.00,USD,Business Credit Card,no,
EXP-5090,2025-06-13,WeWork Studio Space,Rent,Monthly studio rent,1850.00,0.00,USD,ACH,no,
EXP-5084,2025-06-13,Northern Leather Supply,Cost of Goods Sold,Leather raw material order,1341.91,0.00,USD,ACH,no,
EXP-5041,2025-06-14,USPS,Shipping & Postage,First-class & priority shipping,195.14,0.00,USD,Business Credit Card,no,
EXP-5082,2025-06-17,Avalara Sales Tax,Software & Subscriptions,Sales tax automation subscription,82.16,0.00,USD,Business Credit Card,no,
EXP-5042,2025-06-17,USPS,Shipping & Postage,First-class & priority shipping,30.91,0.00,USD,Business Credit Card,no,
EXP-5071,2025-06-17,Meta Ads,Advertising & Marketing,Facebook & Instagram ad spend,677.42,0.00,USD,Business Credit Card,no,
EXP-5080,2025-06-18,Adobe Creative Cloud,Software & Subscriptions,Design software subscription,63.94,0.00,USD,Business Credit Card,no,
EXP-5061,2025-06-18,ShipStation,Software & Subscriptions,Monthly subscription,32.77,0.00,USD,Business Credit Card,no,
EXP-5073,2025-06-18,Meta Ads,Advertising & Marketing,Facebook & Instagram ad spend,1256.96,0.00,USD,Business Credit Card,no,
EXP-5037,2025-06-19,UPS,Shipping & Postage,Outbound shipping labels,279.06,0.00,USD,Business Credit Card,no,
EXP-5077,2025-06-20,TikTok Ads,Advertising & Marketing,Paid social campaign,235.95,0.00,USD,Business Credit Card,no,
EXP-5086,2025-06-20,Uline Packaging,Packaging & Supplies,"Boxes, mailers, void fill",1058.19,0.00,USD,ACH,no,
EXP-5064,2025-06-21,Stripe Fees,Bank & Processor Fees,Card processing fees,589.61,0.00,USD,Business Credit Card,no,
EXP-5078,2025-06-21,TikTok Ads,Advertising & Marketing,Paid social campaign,1523.59,0.00,USD,Business Credit Card,no,
EXP-5088,2025-06-21,EcoEnclose,Packaging & Supplies,Compostable mailers and tissue,990.09,0.00,USD,ACH,no,
EXP-5065,2025-06-21,Stripe Fees,Bank & Processor Fees,Card processing fees,326.84,0.00,USD,Business Credit Card,no,
EXP-5039,2025-06-22,UPS,Shipping & Postage,Outbound shipping labels,362.00,0.00,USD,Business Credit Card,no,
EXP-5053,2025-06-22,USPS,Shipping & Postage,First-class & priority shipping,179.04,0.00,USD,Business Credit Card,no,
EXP-5085,2025-06-22,Pacific Coast Textiles,Cost of Goods Sold,Fabric raw material order,2007.27,0.00,USD,Business Credit Card,no,
EXP-5079,2025-06-22,TikTok Ads,Advertising & Marketing,Paid social campaign,806.63,0.00,USD,Business Credit Card,no,
EXP-5089,2025-06-22,WeWork Studio Space,Rent,Monthly studio rent,1850.00,0.00,USD,ACH,no,
EXP-5038,2025-06-22,UPS,Shipping & Postage,Outbound shipping labels,344.34,0.00,USD,Business Credit Card,no,
EXP-5047,2025-06-22,USPS,Shipping & Postage,First-class & priority shipping,64.63,0.00,USD,Business Credit Card,no,
EXP-5044,2025-06-22,USPS,Shipping & Postage,First-class & priority shipping,19.25,0.00,USD,Business Credit Card,no,
EXP-5058,2025-06-22,FedEx,Shipping & Postage,Express shipments,43.42,0.00,USD,Business Credit Card,no,
EXP-5032,2025-06-23,UPS,Shipping & Postage,Outbound shipping labels,316.24,0.00,USD,Business Credit Card,no,
EXP-5035,2025-06-23,UPS,Shipping & Postage,Outbound shipping labels,66.01,0.00,USD,Business Credit Card,no,
EXP-5034,2025-06-23,UPS,Shipping & Postage,Outbound shipping labels,310.06,0.00,USD,Business Credit Card,no,
EXP-5057,2025-06-23,FedEx,Shipping & Postage,Express shipments,189.02,0.00,USD,Business Credit Card,no,
EXP-5092,2025-06-24,Pacific Gas & Electric,Utilities,Studio utilities,202.22,0.00,USD,ACH,no,
EXP-5054,2025-06-24,FedEx,Shipping & Postage,Express shipments,406.51,0.00,USD,Business Credit Card,no,
EXP-5067,2025-06-25,PayPal Fees,Bank & Processor Fees,Processing fees,236.10,0.00,USD,Business Credit Card,no,
EXP-5050,2025-06-25,USPS,Shipping & Postage,First-class & priority shipping,132.63,0.00,USD,Business Credit Card,no,
EXP-5056,2025-06-26,FedEx,Shipping & Postage,Express shipments,497.08,0.00,USD,Business Credit Card,no,
EXP-5049,2025-06-26,USPS,Shipping & Postage,First-class & priority shipping,75.06,0.00,USD,Business Credit Card,no,
EXP-5093,2025-06-27,AT&T Business,Utilities,Business internet & phone,143.71,0.00,USD,ACH,no,
EXP-5074,2025-06-28,Google Ads,Advertising & Marketing,Search & shopping ads,1052.16,0.00,USD,Business Credit Card,no,
EXP-5063,2025-06-28,Klaviyo,Software & Subscriptions,Email marketing platform,180.13,0.00,USD,Business Credit Card,no,
EXP-5133,2025-07-01,PayPal Fees,Bank & Processor Fees,Processing fees,189.68,0.00,USD,Business Credit Card,no,
EXP-5098,2025-07-01,UPS,Shipping & Postage,Outbound shipping labels,305.40,0.00,USD,Business Credit Card,no,
EXP-5109,2025-07-02,USPS,Shipping & Postage,First-class & priority shipping,47.65,0.00,USD,Business Credit Card,no,
EXP-5108,2025-07-02,USPS,Shipping & Postage,First-class & priority shipping,26.48,0.00,USD,Business Credit Card,no,
EXP-5141,2025-07-04,Google Ads,Advertising & Marketing,Search & shopping ads,800.24,0.00,USD,Business Credit Card,no,
EXP-5096,2025-07-04,UPS,Shipping & Postage,Outbound shipping labels,90.34,0.00,USD,Business Credit Card,no,
EXP-5154,2025-07-05,Pacific Gas & Electric,Utilities,Studio utilities,289.51,0.00,USD,ACH,no,
EXP-5132,2025-07-05,PayPal Fees,Bank & Processor Fees,Processing fees,52.59,0.00,USD,Business Credit Card,no,
EXP-5139,2025-07-06,Google Ads,Advertising & Marketing,Search & shopping ads,935.09,0.00,USD,Business Credit Card,no,
EXP-5146,2025-07-07,AWS,Software & Subscriptions,Cloud hosting & storage,381.21,0.00,USD,Business Credit Card,no,
EXP-5099,2025-07-07,UPS,Shipping & Postage,Outbound shipping labels,325.72,0.00,USD,Business Credit Card,no,
EXP-5148,2025-07-08,Northern Leather Supply,Cost of Goods Sold,Leather raw material order,1385.24,0.00,USD,ACH,no,
EXP-5112,2025-07-09,USPS,Shipping & Postage,First-class & priority shipping,101.39,0.00,USD,Business Credit Card,no,
EXP-5110,2025-07-09,USPS,Shipping & Postage,First-class & priority shipping,136.59,0.00,USD,Business Credit Card,no,
EXP-5150,2025-07-10,Cedar Mill Lumber Co,Cost of Goods Sold,Cedar planter material,1551.29,0.00,USD,ACH,no,
EXP-5149,2025-07-11,Pacific Coast Textiles,Cost of Goods Sold,Fabric raw material order,2650.90,0.00,USD,Business Credit Card,no,
EXP-5152,2025-07-11,EcoEnclose,Packaging & Supplies,Compostable mailers and tissue,504.95,0.00,USD,ACH,no,
EXP-5151,2025-07-12,Uline Packaging,Packaging & Supplies,"Boxes, mailers, void fill",1496.17,0.00,USD,Business Credit Card,no,
EXP-5137,2025-07-12,Meta Ads,Advertising & Marketing,Facebook & Instagram ad spend,1046.95,0.00,USD,Business Credit Card,no,
EXP-5115,2025-07-13,USPS,Shipping & Postage,First-class & priority shipping,163.55,0.00,USD,Business Credit Card,no,
EXP-5134,2025-07-13,PayPal Fees,Bank & Processor Fees,Processing fees,178.83,0.00,USD,Business Credit Card,no,
EXP-5114,2025-07-14,USPS,Shipping & Postage,First-class & priority shipping,80.04,0.00,USD,Business Credit Card,no,
EXP-5113,2025-07-15,USPS,Shipping & Postage,First-class & priority shipping,153.47,0.00,USD,Business Credit Card,no,
EXP-5107,2025-07-15,USPS,Shipping & Postage,First-class & priority shipping,173.75,0.00,USD,Business Credit Card,no,
EXP-5155,2025-07-16,AT&T Business,Utilities,Business internet & phone,121.86,0.00,USD,ACH,no,
EXP-5120,2025-07-17,FedEx,Shipping & Postage,Express shipments,79.21,0.00,USD,Business Credit Card,no,
EXP-5131,2025-07-18,PayPal Fees,Bank & Processor Fees,Processing fees,281.80,0.00,USD,Business Credit Card,no,
EXP-5116,2025-07-18,USPS,Shipping & Postage,First-class & priority shipping,7.38,0.00,USD,Business Credit Card,no,
EXP-5125,2025-07-18,Shopify,Software & Subscriptions,Monthly storefront subscription,127.37,0.00,USD,Business Credit Card,no,
EXP-5156,2025-07-18,Bench Bookkeeping,Professional Services,Monthly bookkeeping service,249.00,0.00,USD,ACH,no,
EXP-5118,2025-07-19,FedEx,Shipping & Postage,Express shipments,42.54,0.00,USD,Business Credit Card,no,
EXP-5153,2025-07-21,WeWork Studio Space,Rent,Monthly studio rent,1850.00,0.00,USD,ACH,no,
EXP-5138,2025-07-21,Meta Ads,Advertising & Marketing,Facebook & Instagram ad spend,3605.84,0.00,USD,Business Credit Card,no,
EXP-5130,2025-07-21,Stripe Fees,Bank & Processor Fees,Card processing fees,331.04,0.00,USD,Business Credit Card,no,
EXP-5101,2025-07-22,UPS,Shipping & Postage,Outbound shipping labels,210.53,0.00,USD,Business Credit Card,no,
EXP-5106,2025-07-22,USPS,Shipping & Postage,First-class & priority shipping,41.98,0.00,USD,Business Credit Card,no,
EXP-5136,2025-07-24,Meta Ads,Advertising & Marketing,Facebook & Instagram ad spend,3814.19,0.00,USD,Business Credit Card,no,
EXP-5104,2025-07-24,UPS,Shipping & Postage,Outbound shipping labels,374.80,0.00,USD,Business Credit Card,no,
EXP-5117,2025-07-24,USPS,Shipping & Postage,First-class & priority shipping,150.69,0.00,USD,Business Credit Card,no,
EXP-5143,2025-07-25,TikTok Ads,Advertising & Marketing,Paid social campaign,2245.80,0.00,USD,Business Credit Card,no,
EXP-5100,2025-07-25,UPS,Shipping & Postage,Outbound shipping labels,111.77,0.00,USD,Business Credit Card,no,
EXP-5123,2025-07-25,FedEx,Shipping & Postage,Express shipments,575.65,0.00,USD,Business Credit Card,no,
EXP-5097,2025-07-25,UPS,Shipping & Postage,Outbound shipping labels,263.77,0.00,USD,Business Credit Card,no,
EXP-5129,2025-07-26,Stripe Fees,Bank & Processor Fees,Card processing fees,716.37,0.00,USD,Business Credit Card,no,
EXP-5121,2025-07-26,FedEx,Shipping & Postage,Express shipments,429.96,0.00,USD,Business Credit Card,no,
EXP-5126,2025-07-26,Klaviyo,Software & Subscriptions,Email marketing platform,288.23,0.00,USD,Business Credit Card,no,
EXP-5140,2025-07-27,Google Ads,Advertising & Marketing,Search & shopping ads,1044.38,0.00,USD,Business Credit Card,no,
EXP-5119,2025-07-28,FedEx,Shipping & Postage,Express shipments,58.92,0.00,USD,Business Credit Card,no,
EXP-5142,2025-07-28,TikTok Ads,Advertising & Marketing,Paid social campaign,244.01,0.00,USD,Business Credit Card,no,
EXP-5166,2025-08-02,UPS,Shipping & Postage,Outbound shipping labels,270.15,0.00,USD,Business Credit Card,no,
EXP-5184,2025-08-03,FedEx,Shipping & Postage,Express shipments,174.94,0.00,USD,Business Credit Card,no,
EXP-5173,2025-08-03,USPS,Shipping & Postage,First-class & priority shipping,98.85,0.00,USD,Business Credit Card,no,
EXP-5189,2025-08-04,Klaviyo,Software & Subscriptions,Email marketing platform,259.64,0.00,USD,Business Credit Card,no,
EXP-5201,2025-08-05,Meta Ads,Advertising & Marketing,Facebook & Instagram ad spend,1959.59,0.00,USD,Business Credit Card,no,
EXP-5158,2025-08-05,UPS,Shipping & Postage,Outbound shipping labels,429.13,0.00,USD,Business Credit Card,no,
EXP-5221,2025-08-05,AT&T Business,Utilities,Business internet & phone,96.71,0.00,USD,ACH,no,
EXP-5211,2025-08-06,Avalara Sales Tax,Software & Subscriptions,Sales tax automation subscription,89.15,0.00,USD,Business Credit Card,no,
EXP-5179,2025-08-06,USPS,Shipping & Postage,First-class & priority shipping,47.92,0.00,USD,Business Credit Card,no,
EXP-5213,2025-08-06,Pacific Coast Textiles,Cost of Goods Sold,Fabric raw material order,2779.56,0.00,USD,Business Credit Card,no,
EXP-5204,2025-08-06,Google Ads,Advertising & Marketing,Search & shopping ads,1418.80,0.00,USD,Business Credit Card,no,
EXP-5186,2025-08-07,FedEx,Shipping & Postage,Express shipments,328.32,0.00,USD,Business Credit Card,no,
EXP-5215,2025-08-07,Uline Packaging,Packaging & Supplies,"Boxes, mailers, void fill",929.74,0.00,USD,Business Credit Card,no,
EXP-5203,2025-08-07,Google Ads,Advertising & Marketing,Search & shopping ads,693.82,0.00,USD,Business Credit Card,no,
EXP-5185,2025-08-08,FedEx,Shipping & Postage,Express shipments,40.90,0.00,USD,Business Credit Card,no,
EXP-5197,2025-08-08,PayPal Fees,Bank & Processor Fees,Processing fees,172.49,0.00,USD,Business Credit Card,no,
EXP-5175,2025-08-08,USPS,Shipping & Postage,First-class & priority shipping,204.43,0.00,USD,Business Credit Card,no,
EXP-5210,2025-08-08,AWS,Software & Subscriptions,Cloud hosting & storage,135.53,0.00,USD,Business Credit Card,no,
EXP-5157,2025-08-09,UPS,Shipping & Postage,Outbound shipping labels,413.88,0.00,USD,Business Credit Card,no,
EXP-5169,2025-08-12,USPS,Shipping & Postage,First-class & priority shipping,97.84,0.00,USD,Business Credit Card,no,
EXP-5193,2025-08-13,Stripe Fees,Bank & Processor Fees,Card processing fees,549.87,0.00,USD,Business Credit Card,no,
EXP-5206,2025-08-14,TikTok Ads,Advertising & Marketing,Paid social campaign,1969.47,0.00,USD,Business Credit Card,no,
EXP-5172,2025-08-15,USPS,Shipping & Postage,First-class & priority shipping,123.26,0.00,USD,Business Credit Card,no,
EXP-5188,2025-08-15,ShipStation,Software & Subscriptions,Monthly subscription,90.71,0.00,USD,Business Credit Card,no,
EXP-5178,2025-08-17,USPS,Shipping & Postage,First-class & priority shipping,38.85,0.00,USD,Business Credit Card,no,
EXP-5174,2025-08-17,USPS,Shipping & Postage,First-class & priority shipping,8.48,0.00,USD,Business Credit Card,no,
EXP-5202,2025-08-17,Google Ads,Advertising & Marketing,Search & shopping ads,2380.69,0.00,USD,Business Credit Card,no,
EXP-5222,2025-08-17,Bench Bookkeeping,Professional Services,Monthly bookkeeping service,249.00,0.00,USD,ACH,no,
EXP-5167,2025-08-18,UPS,Shipping & Postage,Outbound shipping labels,430.39,0.00,USD,Business Credit Card,no,
EXP-5192,2025-08-18,Stripe Fees,Bank & Processor Fees,Card processing fees,484.72,0.00,USD,Business Credit Card,no,
EXP-5180,2025-08-19,USPS,Shipping & Postage,First-class & priority shipping,160.30,0.00,USD,Business Credit Card,no,
EXP-5165,2025-08-19,UPS,Shipping & Postage,Outbound shipping labels,111.57,0.00,USD,Business Credit Card,no,
EXP-5214,2025-08-19,Cedar Mill Lumber Co,Cost of Goods Sold,Cedar planter material,1451.34,0.00,USD,Business Credit Card,no,
EXP-5164,2025-08-19,UPS,Shipping & Postage,Outbound shipping labels,201.60,0.00,USD,Business Credit Card,no,
EXP-5217,2025-08-20,EcoEnclose,Packaging & Supplies,Compostable mailers and tissue,368.38,0.00,USD,ACH,no,
EXP-5200,2025-08-20,Meta Ads,Advertising & Marketing,Facebook & Instagram ad spend,226.39,0.00,USD,Business Credit Card,no,
EXP-5208,2025-08-22,TikTok Ads,Advertising & Marketing,Paid social campaign,1211.70,0.00,USD,Business Credit Card,no,
EXP-5219,2025-08-22,WeWork Studio Space,Rent,Monthly studio rent,1850.00,0.00,USD,ACH,no,
EXP-5205,2025-08-23,Google Ads,Advertising & Marketing,Search & shopping ads,2973.99,0.00,USD,Business Credit Card,no,
EXP-5191,2025-08-24,Stripe Fees,Bank & Processor Fees,Card processing fees,245.39,0.00,USD,Business Credit Card,no,
EXP-5207,2025-08-24,TikTok Ads,Advertising & Marketing,Paid social campaign,378.41,0.00,USD,Business Credit Card,no,
EXP-5183,2025-08-25,FedEx,Shipping & Postage,Express shipments,310.02,0.00,USD,Business Credit Card,no,
EXP-5187,2025-08-26,FedEx,Shipping & Postage,Express shipments,233.56,0.00,USD,Business Credit Card,no,
EXP-5190,2025-08-27,Stripe Fees,Bank & Processor Fees,Card processing fees,253.33,0.00,USD,Business Credit Card,no,
EXP-5216,2025-08-28,Uline Packaging,Packaging & Supplies,"Boxes, mailers, void fill",981.04,0.00,USD,ACH,no,
EXP-5198,2025-08-28,Meta Ads,Advertising & Marketing,Facebook & Instagram ad spend,1580.13,0.00,USD,Business Credit Card,no,
EXP-5171,2025-08-28,USPS,Shipping & Postage,First-class & priority shipping,74.09,0.00,USD,Business Credit Card,no,
EXP-5162,2025-08-28,UPS,Shipping & Postage,Outbound shipping labels,249.36,0.00,USD,Business Credit Card,no,
EXP-5267,2025-09-01,Meta Ads,Advertising & Marketing,Facebook & Instagram ad spend,3417.48,0.00,USD,Business Credit Card,no,
EXP-5244,2025-09-01,USPS,Shipping & Postage,First-class & priority shipping,171.94,0.00,USD,Business Credit Card,no,
EXP-5229,2025-09-01,UPS,Shipping & Postage,Outbound shipping labels,431.78,0.00,USD,Business Credit Card,no,
EXP-5247,2025-09-01,USPS,Shipping & Postage,First-class & priority shipping,93.76,0.00,USD,Business Credit Card,no,
EXP-5282,2025-09-02,Avalara Sales Tax,Software & Subscriptions,Sales tax automation subscription,112.77,0.00,USD,Business Credit Card,no,
EXP-5280,2025-09-02,Adobe Creative Cloud,Software & Subscriptions,Design software subscription,74.59,0.00,USD,Business Credit Card,no,
EXP-5275,2025-09-02,TikTok Ads,Advertising & Marketing,Paid social campaign,2276.23,0.00,USD,Business Credit Card,no,
EXP-5266,2025-09-02,PayPal Fees,Bank & Processor Fees,Processing fees,64.03,0.00,USD,Business Credit Card,no,
EXP-5270,2025-09-03,Meta Ads,Advertising & Marketing,Facebook & Instagram ad spend,1252.37,0.00,USD,Business Credit Card,no,
EXP-5262,2025-09-04,PayPal Fees,Bank & Processor Fees,Processing fees,80.41,0.00,USD,Business Credit Card,no,
EXP-5291,2025-09-04,AT&T Business,Utilities,Business internet & phone,146.01,0.00,USD,ACH,no,
EXP-5260,2025-09-04,Stripe Fees,Bank & Processor Fees,Card processing fees,623.30,0.00,USD,Business Credit Card,no,
EXP-5223,2025-09-06,UPS,Shipping & Postage,Outbound shipping labels,234.71,0.00,USD,Business Credit Card,no,
EXP-5288,2025-09-07,EcoEnclose,Packaging & Supplies,Compostable mailers and tissue,780.28,0.00,USD,Business Credit Card,no,
EXP-5248,2025-09-07,USPS,Shipping & Postage,First-class & priority shipping,166.94,0.00,USD,Business Credit Card,no,
EXP-5234,2025-09-08,UPS,Shipping & Postage,Outbound shipping labels,451.18,0.00,USD,Business Credit Card,no,
EXP-5289,2025-09-09,WeWork Studio Space,Rent,Monthly studio rent,1850.00,0.00,USD,ACH,no,
EXP-5251,2025-09-09,FedEx,Shipping & Postage,Express shipments,173.09,0.00,USD,Business Credit Card,no,
EXP-5257,2025-09-10,Klaviyo,Software & Subscriptions,Email marketing platform,221.18,0.00,USD,Business Credit Card,no,
EXP-5232,2025-09-12,UPS,Shipping & Postage,Outbound shipping labels,421.42,0.00,USD,Business Credit Card,no,
EXP-5287,2025-09-12,Uline Packaging,Packaging & Supplies,"Boxes, mailers, void fill",1741.99,0.00,USD,Business Credit Card,no,
EXP-5271,2025-09-12,Meta Ads,Advertising & Marketing,Facebook & Instagram ad spend,520.16,0.00,USD,Business Credit Card,no,
EXP-5284,2025-09-12,Pacific Coast Textiles,Cost of Goods Sold,Fabric raw material order,3419.19,0.00,USD,Business Credit Card,no,
EXP-5256,2025-09-12,Shopify,Software & Subscriptions,Monthly storefront subscription,202.00,0.00,USD,Business Credit Card,no,
EXP-5253,2025-09-12,FedEx,Shipping & Postage,Express shipments,385.19,0.00,USD,Business Credit Card,no,
EXP-5258,2025-09-13,Stripe Fees,Bank & Processor Fees,Card processing fees,613.91,0.00,USD,Business Credit Card,no,
EXP-5272,2025-09-13,Google Ads,Advertising & Marketing,Search & shopping ads,3362.94,0.00,USD,Business Credit Card,no,
EXP-5273,2025-09-13,Google Ads,Advertising & Marketing,Search & shopping ads,2279.76,0.00,USD,Business Credit Card,no,
EXP-5263,2025-09-13,PayPal Fees,Bank & Processor Fees,Processing fees,254.75,0.00,USD,Business Credit Card,no,
EXP-5243,2025-09-14,USPS,Shipping & Postage,First-class & priority shipping,66.33,0.00,USD,Business Credit Card,no,
EXP-5250,2025-09-14,FedEx,Shipping & Postage,Express shipments,409.20,0.00,USD,Business Credit Card,no,
EXP-5231,2025-09-14,UPS,Shipping & Postage,Outbound shipping labels,256.32,0.00,USD,Business Credit Card,no,
EXP-5277,2025-09-16,TikTok Ads,Advertising & Marketing,Paid social campaign,1120.86,0.00,USD,Business Credit Card,no,
EXP-5285,2025-09-17,Cedar Mill Lumber Co,Cost of Goods Sold,Cedar planter material,337.51,0.00,USD,ACH,no,
EXP-5274,2025-09-17,Google Ads,Advertising & Marketing,Search & shopping ads,1159.72,0.00,USD,Business Credit Card,no,
EXP-5252,2025-09-18,FedEx,Shipping & Postage,Express shipments,271.25,0.00,USD,Business Credit Card,no,
EXP-5255,2025-09-18,ShipStation,Software & Subscriptions,Monthly subscription,83.87,0.00,USD,Business Credit Card,no,
EXP-5286,2025-09-18,Uline Packaging,Packaging & Supplies,"Boxes, mailers, void fill",669.50,0.00,USD,Business Credit Card,no,
EXP-5292,2025-09-18,Hartford Business Insurance,Insurance,Annual business policy,340.00,0.00,USD,ACH,no,
EXP-5236,2025-09-19,USPS,Shipping & Postage,First-class & priority shipping,194.28,0.00,USD,Business Credit Card,no,
EXP-5238,2025-09-19,USPS,Shipping & Postage,First-class & priority shipping,28.87,0.00,USD,Business Credit Card,no,
EXP-5242,2025-09-20,USPS,Shipping & Postage,First-class & priority shipping,211.16,0.00,USD,Business Credit Card,no,
EXP-5269,2025-09-20,Meta Ads,Advertising & Marketing,Facebook & Instagram ad spend,1941.51,0.00,USD,Business Credit Card,no,
EXP-5224,2025-09-20,UPS,Shipping & Postage,Outbound shipping labels,292.71,0.00,USD,Business Credit Card,no,
EXP-5228,2025-09-20,UPS,Shipping & Postage,Outbound shipping labels,264.39,0.00,USD,Business Credit Card,no,
EXP-5254,2025-09-22,FedEx,Shipping & Postage,Express shipments,255.46,0.00,USD,Business Credit Card,no,
EXP-5265,2025-09-23,PayPal Fees,Bank & Processor Fees,Processing fees,223.79,0.00,USD,Business Credit Card,no,
EXP-5293,2025-09-23,Bench Bookkeeping,Professional Services,Monthly bookkeeping service,249.00,0.00,USD,ACH,no,
EXP-5233,2025-09-23,UPS,Shipping & Postage,Outbound shipping labels,259.95,0.00,USD,Business Credit Card,no,
EXP-5240,2025-09-25,USPS,Shipping & Postage,First-class & priority shipping,60.41,0.00,USD,Business Credit Card,no,
EXP-5235,2025-09-25,USPS,Shipping & Postage,First-class & priority shipping,95.21,0.00,USD,Business Credit Card,no,
EXP-5237,2025-09-25,USPS,Shipping & Postage,First-class & priority shipping,201.90,0.00,USD,Business Credit Card,no,
EXP-5230,2025-09-25,UPS,Shipping & Postage,Outbound shipping labels,329.57,0.00,USD,Business Credit Card,no,
EXP-5226,2025-09-25,UPS,Shipping & Postage,Outbound shipping labels,67.00,0.00,USD,Business Credit Card,no,
EXP-5264,2025-09-26,PayPal Fees,Bank & Processor Fees,Processing fees,182.93,0.00,USD,Business Credit Card,no,
EXP-5225,2025-09-26,UPS,Shipping & Postage,Outbound shipping labels,260.71,0.00,USD,Business Credit Card,no,
EXP-5245,2025-09-26,USPS,Shipping & Postage,First-class & priority shipping,7.66,0.00,USD,Business Credit Card,no,
EXP-5276,2025-09-27,TikTok Ads,Advertising & Marketing,Paid social campaign,519.62,0.00,USD,Business Credit Card,no,
EXP-5268,2025-09-27,Meta Ads,Advertising & Marketing,Facebook & Instagram ad spend,781.31,0.00,USD,Business Credit Card,no,
EXP-5241,2025-09-28,USPS,Shipping & Postage,First-class & priority shipping,25.61,0.00,USD,Business Credit Card,no,
EXP-5259,2025-09-28,Stripe Fees,Bank & Processor Fees,Card processing fees,713.79,0.00,USD,Business Credit Card,no,
EXP-5321,2025-10-01,USPS,Shipping & Postage,First-class & priority shipping,184.83,0.00,USD,Business Credit Card,no,
EXP-5336,2025-10-01,ShipStation,Software & Subscriptions,Monthly subscription,29.83,0.00,USD,Business Credit Card,no,
EXP-5373,2025-10-03,Uline Packaging,Packaging & Supplies,"Boxes, mailers, void fill",475.96,0.00,USD,ACH,no,
EXP-5319,2025-10-03,USPS,Shipping & Postage,First-class & priority shipping,164.14,0.00,USD,Business Credit Card,no,
EXP-5298,2025-10-04,UPS,Shipping & Postage,Outbound shipping labels,132.66,0.00,USD,Business Credit Card,no,
EXP-5361,2025-10-04,TikTok Ads,Advertising & Marketing,Paid social campaign,1145.67,0.00,USD,Business Credit Card,no,
EXP-5350,2025-10-05,Meta Ads,Advertising & Marketing,Facebook & Instagram ad spend,3400.15,0.00,USD,Business Credit Card,no,
EXP-5378,2025-10-06,AT&T Business,Utilities,Business internet & phone,102.06,0.00,USD,ACH,no,
EXP-5341,2025-10-06,Stripe Fees,Bank & Processor Fees,Card processing fees,429.04,0.00,USD,Business Credit Card,no,
EXP-5359,2025-10-06,Google Ads,Advertising & Marketing,Search & shopping ads,385.32,0.00,USD,Business Credit Card,no,
EXP-5312,2025-10-07,USPS,Shipping & Postage,First-class & priority shipping,122.77,0.00,USD,Business Credit Card,no,
EXP-5342,2025-10-07,Stripe Fees,Bank & Processor Fees,Card processing fees,366.89,0.00,USD,Business Credit Card,no,
EXP-5313,2025-10-07,USPS,Shipping & Postage,First-class & priority shipping,60.96,0.00,USD,Business Credit Card,no,
EXP-5315,2025-10-07,USPS,Shipping & Postage,First-class & priority shipping,59.63,0.00,USD,Business Credit Card,no,
EXP-5294,2025-10-08,UPS,Shipping & Postage,Outbound shipping labels,366.50,0.00,USD,Business Credit Card,no,
EXP-5328,2025-10-08,FedEx,Shipping & Postage,Express shipments,468.85,0.00,USD,Business Credit Card,no,
EXP-5339,2025-10-08,Stripe Fees,Bank & Processor Fees,Card processing fees,250.14,0.00,USD,Business Credit Card,no,
EXP-5305,2025-10-08,UPS,Shipping & Postage,Outbound shipping labels,146.45,0.00,USD,Business Credit Card,no,
EXP-5314,2025-10-08,USPS,Shipping & Postage,First-class & priority shipping,210.22,0.00,USD,Business Credit Card,no,
EXP-5364,2025-10-09,Adobe Creative Cloud,Software & Subscriptions,Design software subscription,63.59,0.00,USD,Business Credit Card,no,
EXP-5344,2025-10-09,PayPal Fees,Bank & Processor Fees,Processing fees,152.47,0.00,USD,Business Credit Card,no,
EXP-5348,2025-10-09,PayPal Fees,Bank & Processor Fees,Processing fees,260.25,0.00,USD,Business Credit Card,no,
EXP-5368,2025-10-10,Northern Leather Supply,Cost of Goods Sold,Leather raw material order,2749.83,0.00,USD,Business Credit Card,no,
EXP-5370,2025-10-10,Pacific Coast Textiles,Cost of Goods Sold,Fabric raw material order,2558.48,0.00,USD,ACH,no,
EXP-5356,2025-10-10,Google Ads,Advertising & Marketing,Search & shopping ads,1038.33,0.00,USD,Business Credit Card,no,
EXP-5362,2025-10-11,TikTok Ads,Advertising & Marketing,Paid social campaign,712.27,0.00,USD,Business Credit Card,no,
EXP-5363,2025-10-12,TikTok Ads,Advertising & Marketing,Paid social campaign,1397.60,0.00,USD,Business Credit Card,no,
EXP-5332,2025-10-12,FedEx,Shipping & Postage,Express shipments,253.20,0.00,USD,Business Credit Card,no,
EXP-5299,2025-10-13,UPS,Shipping & Postage,Outbound shipping labels,308.55,0.00,USD,Business Credit Card,no,
EXP-5358,2025-10-13,Google Ads,Advertising & Marketing,Search & shopping ads,518.49,0.00,USD,Business Credit Card,no,
EXP-5353,2025-10-14,Meta Ads,Advertising & Marketing,Facebook & Instagram ad spend,2198.39,0.00,USD,Business Credit Card,no,
EXP-5302,2025-10-14,UPS,Shipping & Postage,Outbound shipping labels,459.15,0.00,USD,Business Credit Card,no,
EXP-5365,2025-10-14,Adobe Creative Cloud,Software & Subscriptions,Design software subscription,58.02,0.00,USD,Business Credit Card,no,
EXP-5296,2025-10-15,UPS,Shipping & Postage,Outbound shipping labels,431.57,0.00,USD,Business Credit Card,no,
EXP-5334,2025-10-15,FedEx,Shipping & Postage,Express shipments,605.79,0.00,USD,Business Credit Card,no,
EXP-5326,2025-10-16,USPS,Shipping & Postage,First-class & priority shipping,48.79,0.00,USD,Business Credit Card,no,
EXP-5309,2025-10-16,UPS,Shipping & Postage,Outbound shipping labels,158.89,0.00,USD,Business Credit Card,no,
EXP-5360,2025-10-16,TikTok Ads,Advertising & Marketing,Paid social campaign,2032.86,0.00,USD,Business Credit Card,no,
EXP-5303,2025-10-17,UPS,Shipping & Postage,Outbound shipping labels,262.69,0.00,USD,Business Credit Card,no,
EXP-5349,2025-10-18,PayPal Fees,Bank & Processor Fees,Processing fees,146.83,0.00,USD,Business Credit Card,no,
EXP-5325,2025-10-19,USPS,Shipping & Postage,First-class & priority shipping,209.29,0.00,USD,Business Credit Card,no,
EXP-5346,2025-10-19,PayPal Fees,Bank & Processor Fees,Processing fees,224.23,0.00,USD,Business Credit Card,no,
EXP-5377,2025-10-19,Pacific Gas & Electric,Utilities,Studio utilities,254.61,0.00,USD,ACH,no,
EXP-5310,2025-10-19,USPS,Shipping & Postage,First-class & priority shipping,68.96,0.00,USD,Business Credit Card,no,
EXP-5340,2025-10-20,Stripe Fees,Bank & Processor Fees,Card processing fees,307.62,0.00,USD,Business Credit Card,no,
EXP-5324,2025-10-20,USPS,Shipping & Postage,First-class & priority shipping,79.81,0.00,USD,Business Credit Card,no,
EXP-5317,2025-10-20,USPS,Shipping & Postage,First-class & priority shipping,89.31,0.00,USD,Business Credit Card,no,
EXP-5366,2025-10-20,AWS,Software & Subscriptions,Cloud hosting & storage,191.62,0.00,USD,Business Credit Card,no,
EXP-5367,2025-10-21,Avalara Sales Tax,Software & Subscriptions,Sales tax automation subscription,131.54,0.00,USD,Business Credit Card,no,
EXP-5371,2025-10-21,Cedar Mill Lumber Co,Cost of Goods Sold,Cedar planter material,1755.81,0.00,USD,Business Credit Card,no,
EXP-5379,2025-10-22,Bench Bookkeeping,Professional Services,Monthly bookkeeping service,249.00,0.00,USD,ACH,no,
EXP-5320,2025-10-22,USPS,Shipping & Postage,First-class & priority shipping,121.28,0.00,USD,Business Credit Card,no,
EXP-5333,2025-10-22,FedEx,Shipping & Postage,Express shipments,484.42,0.00,USD,Business Credit Card,no,
EXP-5335,2025-10-23,FedEx,Shipping & Postage,Express shipments,328.51,0.00,USD,Business Credit Card,no,
EXP-5304,2025-10-23,UPS,Shipping & Postage,Outbound shipping labels,401.46,0.00,USD,Business Credit Card,no,
EXP-5369,2025-10-25,Northern Leather Supply,Cost of Goods Sold,Leather raw material order,4790.41,0.00,USD,ACH,no,
EXP-5376,2025-10-25,WeWork Studio Space,Rent,Monthly studio rent,1850.00,0.00,USD,ACH,no,
EXP-5295,2025-10-25,UPS,Shipping & Postage,Outbound shipping labels,226.74,0.00,USD,Business Credit Card,no,
EXP-5343,2025-10-25,Stripe Fees,Bank & Processor Fees,Card processing fees,330.40,0.00,USD,Business Credit Card,no,
EXP-5327,2025-10-25,USPS,Shipping & Postage,First-class & priority shipping,220.35,0.00,USD,Business Credit Card,no,
EXP-5318,2025-10-25,USPS,Shipping & Postage,First-class & priority shipping,30.97,0.00,USD,Business Credit Card,no,
EXP-5352,2025-10-26,Meta Ads,Advertising & Marketing,Facebook & Instagram ad spend,238.97,0.00,USD,Business Credit Card,no,
EXP-5330,2025-10-26,FedEx,Shipping & Postage,Express shipments,271.02,0.00,USD,Business Credit Card,no,
EXP-5307,2025-10-27,UPS,Shipping & Postage,Outbound shipping labels,172.05,0.00,USD,Business Credit Card,no,
EXP-5316,2025-10-27,USPS,Shipping & Postage,First-class & priority shipping,64.43,0.00,USD,Business Credit Card,no,
EXP-5347,2025-10-27,PayPal Fees,Bank & Processor Fees,Processing fees,45.46,0.00,USD,Business Credit Card,no,
EXP-5297,2025-10-28,UPS,Shipping & Postage,Outbound shipping labels,24.80,0.00,USD,Business Credit Card,no,
EXP-5354,2025-10-28,Meta Ads,Advertising & Marketing,Facebook & Instagram ad spend,2722.61,0.00,USD,Business Credit Card,no,
EXP-5357,2025-10-28,Google Ads,Advertising & Marketing,Search & shopping ads,2121.99,0.00,USD,Business Credit Card,no,
EXP-5323,2025-10-28,USPS,Shipping & Postage,First-class & priority shipping,118.86,0.00,USD,Business Credit Card,no,
EXP-5487,2025-11-01,EcoEnclose,Packaging & Supplies,Compostable mailers and tissue,1204.21,0.00,USD,Business Credit Card,no,
EXP-5488,2025-11-01,WeWork Studio Space,Rent,Monthly studio rent,1850.00,0.00,USD,ACH,no,
EXP-5434,2025-11-01,FedEx,Shipping & Postage,Express shipments,107.05,0.00,USD,Business Credit Card,no,
EXP-5411,2025-11-01,USPS,Shipping & Postage,First-class & priority shipping,166.94,0.00,USD,Business Credit Card,no,
EXP-5458,2025-11-02,Meta Ads,Advertising & Marketing,Facebook & Instagram ad spend,3178.90,0.00,USD,Business Credit Card,no,
EXP-5481,2025-11-02,Pacific Coast Textiles,Cost of Goods Sold,Fabric raw material order,2648.56,0.00,USD,Business Credit Card,no,
EXP-5452,2025-11-02,PayPal Fees,Bank & Processor Fees,Processing fees,75.75,0.00,USD,Business Credit Card,no,
EXP-5468,2025-11-02,Google Ads,Advertising & Marketing,Search & shopping ads,2167.28,0.00,USD,Business Credit Card,no,
EXP-5462,2025-11-02,Meta Ads,Advertising & Marketing,Facebook & Instagram ad spend,3654.63,0.00,USD,Business Credit Card,no,
EXP-5485,2025-11-03,Uline Packaging,Packaging & Supplies,"Boxes, mailers, void fill",1059.20,0.00,USD,Business Credit Card,no,
EXP-5385,2025-11-03,UPS,Shipping & Postage,Outbound shipping labels,60.64,0.00,USD,Business Credit Card,no,
EXP-5442,2025-11-03,Stripe Fees,Bank & Processor Fees,Card processing fees,697.97,0.00,USD,Business Credit Card,no,
EXP-5472,2025-11-03,TikTok Ads,Advertising & Marketing,Paid social campaign,1683.95,0.00,USD,Business Credit Card,no,
EXP-5429,2025-11-03,FedEx,Shipping & Postage,Express shipments,125.36,0.00,USD,Business Credit Card,no,
EXP-5448,2025-11-04,PayPal Fees,Bank & Processor Fees,Processing fees,312.25,0.00,USD,Business Credit Card,no,
EXP-5436,2025-11-04,FedEx,Shipping & Postage,Express shipments,185.68,0.00,USD,Business Credit Card,no,
EXP-5463,2025-11-04,Google Ads,Advertising & Marketing,Search & shopping ads,987.00,0.00,USD,Business Credit Card,no,
EXP-5381,2025-11-04,UPS,Shipping & Postage,Outbound shipping labels,56.72,0.00,USD,Business Credit Card,no,
EXP-5443,2025-11-05,Stripe Fees,Bank & Processor Fees,Card processing fees,83.71,0.00,USD,Business Credit Card,no,
EXP-5391,2025-11-05,UPS,Shipping & Postage,Outbound shipping labels,258.52,0.00,USD,Business Credit Card,no,
EXP-5437,2025-11-05,FedEx,Shipping & Postage,Express shipments,447.69,0.00,USD,Business Credit Card,no,
EXP-5392,2025-11-06,UPS,Shipping & Postage,Outbound shipping labels,25.37,0.00,USD,Business Credit Card,no,
EXP-5465,2025-11-06,Google Ads,Advertising & Marketing,Search & shopping ads,2896.82,0.00,USD,Business Credit Card,no,
EXP-5457,2025-11-06,Meta Ads,Advertising & Marketing,Facebook & Instagram ad spend,2716.66,0.00,USD,Business Credit Card,no,
EXP-5446,2025-11-07,Stripe Fees,Bank & Processor Fees,Card processing fees,738.65,0.00,USD,Business Credit Card,no,
EXP-5380,2025-11-07,UPS,Shipping & Postage,Outbound shipping labels,90.11,0.00,USD,Business Credit Card,no,
EXP-5455,2025-11-07,PayPal Fees,Bank & Processor Fees,Processing fees,159.21,0.00,USD,Business Credit Card,no,
EXP-5404,2025-11-08,USPS,Shipping & Postage,First-class & priority shipping,194.30,0.00,USD,Business Credit Card,no,
EXP-5477,2025-11-08,AWS,Software & Subscriptions,Cloud hosting & storage,234.03,0.00,USD,Business Credit Card,no,
EXP-5451,2025-11-08,PayPal Fees,Bank & Processor Fees,Processing fees,239.97,0.00,USD,Business Credit Card,no,
EXP-5389,2025-11-08,UPS,Shipping & Postage,Outbound shipping labels,357.19,0.00,USD,Business Credit Card,no,
EXP-5438,2025-11-08,ShipStation,Software & Subscriptions,Monthly subscription,35.31,0.00,USD,Business Credit Card,no,
EXP-5419,2025-11-08,USPS,Shipping & Postage,First-class & priority shipping,44.21,0.00,USD,Business Credit Card,no,
EXP-5471,2025-11-08,TikTok Ads,Advertising & Marketing,Paid social campaign,479.55,0.00,USD,Business Credit Card,no,
EXP-5484,2025-11-09,Uline Packaging,Packaging & Supplies,"Boxes, mailers, void fill",1590.91,0.00,USD,ACH,no,
EXP-5432,2025-11-09,FedEx,Shipping & Postage,Express shipments,438.79,0.00,USD,Business Credit Card,no,
EXP-5486,2025-11-09,EcoEnclose,Packaging & Supplies,Compostable mailers and tissue,894.92,0.00,USD,Business Credit Card,no,
EXP-5460,2025-11-09,Meta Ads,Advertising & Marketing,Facebook & Instagram ad spend,2124.92,0.00,USD,Business Credit Card,no,
EXP-5422,2025-11-09,USPS,Shipping & Postage,First-class & priority shipping,24.54,0.00,USD,Business Credit Card,no,
EXP-5447,2025-11-09,Stripe Fees,Bank & Processor Fees,Card processing fees,677.46,0.00,USD,Business Credit Card,no,
EXP-5461,2025-11-10,Meta Ads,Advertising & Marketing,Facebook & Instagram ad spend,994.89,0.00,USD,Business Credit Card,no,
EXP-5410,2025-11-10,USPS,Shipping & Postage,First-class & priority shipping,115.79,0.00,USD,Business Credit Card,no,
EXP-5415,2025-11-10,USPS,Shipping & Postage,First-class & priority shipping,145.70,0.00,USD,Business Credit Card,no,
EXP-5407,2025-11-10,USPS,Shipping & Postage,First-class & priority shipping,8.47,0.00,USD,Business Credit Card,no,
EXP-5394,2025-11-11,UPS,Shipping & Postage,Outbound shipping labels,416.46,0.00,USD,Business Credit Card,no,
EXP-5473,2025-11-11,TikTok Ads,Advertising & Marketing,Paid social campaign,2242.34,0.00,USD,Business Credit Card,no,
EXP-5403,2025-11-12,USPS,Shipping & Postage,First-class & priority shipping,118.71,0.00,USD,Business Credit Card,no,
EXP-5470,2025-11-12,TikTok Ads,Advertising & Marketing,Paid social campaign,1877.42,0.00,USD,Business Credit Card,no,
EXP-5417,2025-11-12,USPS,Shipping & Postage,First-class & priority shipping,50.13,0.00,USD,Business Credit Card,no,
EXP-5388,2025-11-13,UPS,Shipping & Postage,Outbound shipping labels,156.79,0.00,USD,Business Credit Card,no,
EXP-5464,2025-11-14,Google Ads,Advertising & Marketing,Search & shopping ads,1289.84,0.00,USD,Business Credit Card,no,
EXP-5428,2025-11-14,FedEx,Shipping & Postage,Express shipments,128.74,0.00,USD,Business Credit Card,no,
EXP-5406,2025-11-14,USPS,Shipping & Postage,First-class & priority shipping,66.79,0.00,USD,Business Credit Card,no,
EXP-5439,2025-11-14,Klaviyo,Software & Subscriptions,Email marketing platform,140.03,0.00,USD,Business Credit Card,no,
EXP-5479,2025-11-15,Northern Leather Supply,Cost of Goods Sold,Leather raw material order,4772.56,0.00,USD,ACH,no,
EXP-5395,2025-11-15,UPS,Shipping & Postage,Outbound shipping labels,468.29,0.00,USD,Business Credit Card,no,
EXP-5431,2025-11-15,FedEx,Shipping & Postage,Express shipments,388.73,0.00,USD,Business Credit Card,no,
EXP-5390,2025-11-15,UPS,Shipping & Postage,Outbound shipping labels,305.19,0.00,USD,Business Credit Card,no,
EXP-5433,2025-11-16,FedEx,Shipping & Postage,Express shipments,128.61,0.00,USD,Business Credit Card,no,
EXP-5412,2025-11-16,USPS,Shipping & Postage,First-class & priority shipping,227.59,0.00,USD,Business Credit Card,no,
EXP-5408,2025-11-17,USPS,Shipping & Postage,First-class & priority shipping,196.80,0.00,USD,Business Credit Card,no,
EXP-5384,2025-11-17,UPS,Shipping & Postage,Outbound shipping labels,370.02,0.00,USD,Business Credit Card,no,
EXP-5435,2025-11-18,FedEx,Shipping & Postage,Express shipments,28.39,0.00,USD,Business Credit Card,no,
EXP-5476,2025-11-18,Adobe Creative Cloud,Software & Subscriptions,Design software subscription,74.78,0.00,USD,Business Credit Card,no,
EXP-5482,2025-11-18,Cedar Mill Lumber Co,Cost of Goods Sold,Cedar planter material,1557.70,0.00,USD,ACH,no,
EXP-5427,2025-11-18,FedEx,Shipping & Postage,Express shipments,504.33,0.00,USD,Business Credit Card,no,
EXP-5396,2025-11-18,UPS,Shipping & Postage,Outbound shipping labels,449.51,0.00,USD,Business Credit Card,no,
EXP-5483,2025-11-18,Uline Packaging,Packaging & Supplies,"Boxes, mailers, void fill",769.31,0.00,USD,Business Credit Card,no,
EXP-5402,2025-11-18,USPS,Shipping & Postage,First-class & priority shipping,78.46,0.00,USD,Business Credit Card,no,
EXP-5397,2025-11-18,UPS,Shipping & Postage,Outbound shipping labels,220.19,0.00,USD,Business Credit Card,no,
EXP-5459,2025-11-18,Meta Ads,Advertising & Marketing,Facebook & Instagram ad spend,2283.71,0.00,USD,Business Credit Card,no,
EXP-5466,2025-11-19,Google Ads,Advertising & Marketing,Search & shopping ads,589.20,0.00,USD,Business Credit Card,no,
EXP-5401,2025-11-19,UPS,Shipping & Postage,Outbound shipping labels,215.57,0.00,USD,Business Credit Card,no,
EXP-5399,2025-11-19,UPS,Shipping & Postage,Outbound shipping labels,291.67,0.00,USD,Business Credit Card,no,
EXP-5425,2025-11-20,USPS,Shipping & Postage,First-class & priority shipping,194.97,0.00,USD,Business Credit Card,no,
EXP-5400,2025-11-21,UPS,Shipping & Postage,Outbound shipping labels,362.49,0.00,USD,Business Credit Card,no,
EXP-5423,2025-11-21,USPS,Shipping & Postage,First-class & priority shipping,62.06,0.00,USD,Business Credit Card,no,
EXP-5478,2025-11-21,Avalara Sales Tax,Software & Subscriptions,Sales tax automation subscription,154.45,0.00,USD,Business Credit Card,no,
EXP-5426,2025-11-22,USPS,Shipping & Postage,First-class & priority shipping,69.62,0.00,USD,Business Credit Card,no,
EXP-5393,2025-11-22,UPS,Shipping & Postage,Outbound shipping labels,179.00,0.00,USD,Business Credit Card,no,
EXP-5490,2025-11-22,AT&T Business,Utilities,Business internet & phone,157.67,0.00,USD,ACH,no,
EXP-5398,2025-11-23,UPS,Shipping & Postage,Outbound shipping labels,264.39,0.00,USD,Business Credit Card,no,
EXP-5480,2025-11-23,Northern Leather Supply,Cost of Goods Sold,Leather raw material order,2871.06,0.00,USD,ACH,no,
EXP-5453,2025-11-24,PayPal Fees,Bank & Processor Fees,Processing fees,250.15,0.00,USD,Business Credit Card,no,
EXP-5420,2025-11-24,USPS,Shipping & Postage,First-class & priority shipping,157.16,0.00,USD,Business Credit Card,no,
EXP-5414,2025-11-25,USPS,Shipping & Postage,First-class & priority shipping,106.72,0.00,USD,Business Credit Card,no,
EXP-5450,2025-11-25,PayPal Fees,Bank & Processor Fees,Processing fees,312.37,0.00,USD,Business Credit Card,no,
EXP-5444,2025-11-25,Stripe Fees,Bank & Processor Fees,Card processing fees,346.09,0.00,USD,Business Credit Card,no,
EXP-5416,2025-11-26,USPS,Shipping & Postage,First-class & priority shipping,7.69,0.00,USD,Business Credit Card,no,
EXP-5467,2025-11-26,Google Ads,Advertising & Marketing,Search & shopping ads,1011.37,0.00,USD,Business Credit Card,no,
EXP-5441,2025-11-26,Stripe Fees,Bank & Processor Fees,Card processing fees,64.75,0.00,USD,Business Credit Card,no,
EXP-5421,2025-11-27,USPS,Shipping & Postage,First-class & priority shipping,94.54,0.00,USD,Business Credit Card,no,
EXP-5409,2025-11-28,USPS,Shipping & Postage,First-class & priority shipping,37.89,0.00,USD,Business Credit Card,no,
EXP-5569,2025-12-01,Meta Ads,Advertising & Marketing,Facebook & Instagram ad spend,2735.55,0.00,USD,Business Credit Card,no,
EXP-5499,2025-12-02,UPS,Shipping & Postage,Outbound shipping labels,279.23,0.00,USD,Business Credit Card,no,
EXP-5495,2025-12-02,UPS,Shipping & Postage,Outbound shipping labels,402.87,0.00,USD,Business Credit Card,no,
EXP-5497,2025-12-02,UPS,Shipping & Postage,Outbound shipping labels,106.57,0.00,USD,Business Credit Card,no,
EXP-5570,2025-12-02,Google Ads,Advertising & Marketing,Search & shopping ads,1222.36,0.00,USD,Business Credit Card,no,
EXP-5562,2025-12-02,PayPal Fees,Bank & Processor Fees,Processing fees,237.89,0.00,USD,Business Credit Card,no,
EXP-5550,2025-12-02,Stripe Fees,Bank & Processor Fees,Card processing fees,399.09,0.00,USD,Business Credit Card,no,
EXP-5542,2025-12-02,FedEx,Shipping & Postage,Express shipments,609.69,0.00,USD,Business Credit Card,no,
EXP-5503,2025-12-02,UPS,Shipping & Postage,Outbound shipping labels,183.45,0.00,USD,Business Credit Card,no,
EXP-5563,2025-12-03,Meta Ads,Advertising & Marketing,Facebook & Instagram ad spend,3320.49,0.00,USD,Business Credit Card,no,
EXP-5582,2025-12-03,Adobe Creative Cloud,Software & Subscriptions,Design software subscription,64.95,0.00,USD,Business Credit Card,no,
EXP-5594,2025-12-03,Pacific Gas & Electric,Utilities,Studio utilities,164.72,0.00,USD,ACH,no,
EXP-5577,2025-12-03,TikTok Ads,Advertising & Marketing,Paid social campaign,626.36,0.00,USD,Business Credit Card,no,
EXP-5580,2025-12-03,TikTok Ads,Advertising & Marketing,Paid social campaign,1204.95,0.00,USD,Business Credit Card,no,
EXP-5526,2025-12-04,USPS,Shipping & Postage,First-class & priority shipping,45.03,0.00,USD,Business Credit Card,no,
EXP-5516,2025-12-04,USPS,Shipping & Postage,First-class & priority shipping,29.69,0.00,USD,Business Credit Card,no,
EXP-5574,2025-12-05,Google Ads,Advertising & Marketing,Search & shopping ads,352.78,0.00,USD,Business Credit Card,no,
EXP-5595,2025-12-05,Hartford Business Insurance,Insurance,Annual business policy,340.00,0.00,USD,ACH,no,
EXP-5544,2025-12-05,FedEx,Shipping & Postage,Express shipments,616.01,0.00,USD,Business Credit Card,no,
EXP-5551,2025-12-05,Stripe Fees,Bank & Processor Fees,Card processing fees,147.96,0.00,USD,Business Credit Card,no,
EXP-5496,2025-12-05,UPS,Shipping & Postage,Outbound shipping labels,95.60,0.00,USD,Business Credit Card,no,
EXP-5579,2025-12-05,TikTok Ads,Advertising & Marketing,Paid social campaign,421.39,0.00,USD,Business Credit Card,no,
EXP-5529,2025-12-06,USPS,Shipping & Postage,First-class & priority shipping,130.93,0.00,USD,Business Credit Card,no,
EXP-5518,2025-12-07,USPS,Shipping & Postage,First-class & priority shipping,51.19,0.00,USD,Business Credit Card,no,
EXP-5537,2025-12-07,FedEx,Shipping & Postage,Express shipments,241.91,0.00,USD,Business Credit Card,no,
EXP-5506,2025-12-07,UPS,Shipping & Postage,Outbound shipping labels,318.89,0.00,USD,Business Credit Card,no,
EXP-5515,2025-12-07,USPS,Shipping & Postage,First-class & priority shipping,230.78,0.00,USD,Business Credit Card,no,
EXP-5592,2025-12-08,WeWork Studio Space,Rent,Monthly studio rent,1850.00,0.00,USD,ACH,no,
EXP-5553,2025-12-08,Stripe Fees,Bank & Processor Fees,Card processing fees,221.74,0.00,USD,Business Credit Card,no,
EXP-5546,2025-12-08,FedEx,Shipping & Postage,Express shipments,144.97,0.00,USD,Business Credit Card,no,
EXP-5517,2025-12-08,USPS,Shipping & Postage,First-class & priority shipping,130.41,0.00,USD,Business Credit Card,no,
EXP-5548,2025-12-09,Shopify,Software & Subscriptions,Monthly storefront subscription,281.20,0.00,USD,Business Credit Card,no,
EXP-5539,2025-12-09,FedEx,Shipping & Postage,Express shipments,232.81,0.00,USD,Business Credit Card,no,
EXP-5586,2025-12-09,Pacific Coast Textiles,Cost of Goods Sold,Fabric raw material order,3866.91,0.00,USD,Business Credit Card,no,
EXP-5545,2025-12-10,FedEx,Shipping & Postage,Express shipments,18.97,0.00,USD,Business Credit Card,no,
EXP-5514,2025-12-10,USPS,Shipping & Postage,First-class & priority shipping,24.24,0.00,USD,Business Credit Card,no,
EXP-5578,2025-12-10,TikTok Ads,Advertising & Marketing,Paid social campaign,1912.92,0.00,USD,Business Credit Card,no,
EXP-5536,2025-12-11,USPS,Shipping & Postage,First-class & priority shipping,148.37,0.00,USD,Business Credit Card,no,
EXP-5533,2025-12-11,USPS,Shipping & Postage,First-class & priority shipping,203.70,0.00,USD,Business Credit Card,no,
EXP-5492,2025-12-11,UPS,Shipping & Postage,Outbound shipping labels,203.79,0.00,USD,Business Credit Card,no,
EXP-5557,2025-12-11,PayPal Fees,Bank & Processor Fees,Processing fees,256.84,0.00,USD,Business Credit Card,no,
EXP-5588,2025-12-12,Uline Packaging,Packaging & Supplies,"Boxes, mailers, void fill",520.97,0.00,USD,Business Credit Card,no,
EXP-5593,2025-12-12,WeWork Studio Space,Rent,Monthly studio rent,1850.00,0.00,USD,ACH,no,
EXP-5524,2025-12-12,USPS,Shipping & Postage,First-class & priority shipping,163.83,0.00,USD,Business Credit Card,no,
EXP-5552,2025-12-12,Stripe Fees,Bank & Processor Fees,Card processing fees,733.91,0.00,USD,Business Credit Card,no,
EXP-5531,2025-12-12,USPS,Shipping & Postage,First-class & priority shipping,217.18,0.00,USD,Business Credit Card,no,
EXP-5590,2025-12-12,EcoEnclose,Packaging & Supplies,Compostable mailers and tissue,993.41,0.00,USD,Business Credit Card,no,
EXP-5541,2025-12-13,FedEx,Shipping & Postage,Express shipments,15.12,0.00,USD,Business Credit Card,no,
EXP-5522,2025-12-14,USPS,Shipping & Postage,First-class & priority shipping,180.59,0.00,USD,Business Credit Card,no,
EXP-5534,2025-12-14,USPS,Shipping & Postage,First-class & priority shipping,184.82,0.00,USD,Business Credit Card,no,
EXP-5540,2025-12-15,FedEx,Shipping & Postage,Express shipments,285.74,0.00,USD,Business Credit Card,no,
EXP-5576,2025-12-15,Google Ads,Advertising & Marketing,Search & shopping ads,2754.71,0.00,USD,Business Credit Card,no,
EXP-5498,2025-12-16,UPS,Shipping & Postage,Outbound shipping labels,101.68,0.00,USD,Business Credit Card,no,
EXP-5494,2025-12-17,UPS,Shipping & Postage,Outbound shipping labels,320.36,0.00,USD,Business Credit Card,no,
EXP-5528,2025-12-17,USPS,Shipping & Postage,First-class & priority shipping,84.98,0.00,USD,Business Credit Card,no,
EXP-5584,2025-12-18,Avalara Sales Tax,Software & Subscriptions,Sales tax automation subscription,95.80,0.00,USD,Business Credit Card,no,
EXP-5538,2025-12-18,FedEx,Shipping & Postage,Express shipments,575.32,0.00,USD,Business Credit Card,no,
EXP-5521,2025-12-18,USPS,Shipping & Postage,First-class & priority shipping,181.31,0.00,USD,Business Credit Card,no,
EXP-5587,2025-12-19,Cedar Mill Lumber Co,Cost of Goods Sold,Cedar planter material,470.37,0.00,USD,Business Credit Card,no,
EXP-5572,2025-12-19,Google Ads,Advertising & Marketing,Search & shopping ads,691.56,0.00,USD,Business Credit Card,no,
EXP-5549,2025-12-19,Klaviyo,Software & Subscriptions,Email marketing platform,327.41,0.00,USD,Business Credit Card,no,
EXP-5591,2025-12-20,EcoEnclose,Packaging & Supplies,Compostable mailers and tissue,372.48,0.00,USD,ACH,no,
EXP-5530,2025-12-20,USPS,Shipping & Postage,First-class & priority shipping,109.66,0.00,USD,Business Credit Card,no,
EXP-5543,2025-12-20,FedEx,Shipping & Postage,Express shipments,24.86,0.00,USD,Business Credit Card,no,
EXP-5561,2025-12-20,PayPal Fees,Bank & Processor Fees,Processing fees,210.89,0.00,USD,Business Credit Card,no,
EXP-5504,2025-12-20,UPS,Shipping & Postage,Outbound shipping labels,347.95,0.00,USD,Business Credit Card,no,
EXP-5589,2025-12-20,Uline Packaging,Packaging & Supplies,"Boxes, mailers, void fill",1255.55,0.00,USD,Business Credit Card,no,
EXP-5520,2025-12-21,USPS,Shipping & Postage,First-class & priority shipping,227.72,0.00,USD,Business Credit Card,no,
EXP-5568,2025-12-21,Meta Ads,Advertising & Marketing,Facebook & Instagram ad spend,3597.91,0.00,USD,Business Credit Card,no,
EXP-5559,2025-12-23,PayPal Fees,Bank & Processor Fees,Processing fees,229.37,0.00,USD,Business Credit Card,no,
EXP-5525,2025-12-23,USPS,Shipping & Postage,First-class & priority shipping,161.67,0.00,USD,Business Credit Card,no,
EXP-5583,2025-12-23,AWS,Software & Subscriptions,Cloud hosting & storage,166.94,0.00,USD,Business Credit Card,no,
EXP-5502,2025-12-23,UPS,Shipping & Postage,Outbound shipping labels,288.26,0.00,USD,Business Credit Card,no,
EXP-5513,2025-12-24,USPS,Shipping & Postage,First-class & priority shipping,22.47,0.00,USD,Business Credit Card,no,
EXP-5581,2025-12-24,TikTok Ads,Advertising & Marketing,Paid social campaign,232.43,0.00,USD,Business Credit Card,no,
EXP-5523,2025-12-25,USPS,Shipping & Postage,First-class & priority shipping,155.44,0.00,USD,Business Credit Card,no,
EXP-5547,2025-12-25,ShipStation,Software & Subscriptions,Monthly subscription,86.54,0.00,USD,Business Credit Card,no,
EXP-5564,2025-12-25,Meta Ads,Advertising & Marketing,Facebook & Instagram ad spend,1537.56,0.00,USD,Business Credit Card,no,
EXP-5567,2025-12-25,Meta Ads,Advertising & Marketing,Facebook & Instagram ad spend,1106.87,0.00,USD,Business Credit Card,no,
EXP-5511,2025-12-26,UPS,Shipping & Postage,Outbound shipping labels,343.55,0.00,USD,Business Credit Card,no,
EXP-5508,2025-12-26,UPS,Shipping & Postage,Outbound shipping labels,311.01,0.00,USD,Business Credit Card,no,
EXP-5554,2025-12-26,Stripe Fees,Bank & Processor Fees,Card processing fees,274.24,0.00,USD,Business Credit Card,no,
EXP-5560,2025-12-27,PayPal Fees,Bank & Processor Fees,Processing fees,291.83,0.00,USD,Business Credit Card,no,
EXP-5500,2025-12-27,UPS,Shipping & Postage,Outbound shipping labels,193.86,0.00,USD,Business Credit Card,no,
EXP-5512,2025-12-27,UPS,Shipping & Postage,Outbound shipping labels,300.72,0.00,USD,Business Credit Card,no,
EXP-5507,2025-12-27,UPS,Shipping & Postage,Outbound shipping labels,49.42,0.00,USD,Business Credit Card,no,
EXP-5566,2025-12-28,Meta Ads,Advertising & Marketing,Facebook & Instagram ad spend,682.16,0.00,USD,Business Credit Card,no,
EXP-5610,2026-01-01,USPS,Shipping & Postage,First-class & priority shipping,21.58,0.00,USD,Business Credit Card,no,
EXP-5627,2026-01-02,PayPal Fees,Bank & Processor Fees,Processing fees,205.87,0.00,USD,Business Credit Card,no,
EXP-5606,2026-01-06,USPS,Shipping & Postage,First-class & priority shipping,20.07,0.00,USD,Business Credit Card,no,
EXP-5598,2026-01-07,UPS,Shipping & Postage,Outbound shipping labels,358.33,0.00,USD,Business Credit Card,no,
EXP-5599,2026-01-07,UPS,Shipping & Postage,Outbound shipping labels,107.38,0.00,USD,Business Credit Card,no,
EXP-5634,2026-01-08,TikTok Ads,Advertising & Marketing,Paid social campaign,1071.52,0.00,USD,Business Credit Card,no,
EXP-5630,2026-01-08,Meta Ads,Advertising & Marketing,Facebook & Instagram ad spend,806.83,0.00,USD,Business Credit Card,no,
EXP-5625,2026-01-12,Stripe Fees,Bank & Processor Fees,Card processing fees,527.68,0.00,USD,Business Credit Card,no,
EXP-5624,2026-01-12,Stripe Fees,Bank & Processor Fees,Card processing fees,573.76,0.00,USD,Business Credit Card,no,
EXP-5613,2026-01-12,USPS,Shipping & Postage,First-class & priority shipping,208.24,0.00,USD,Business Credit Card,no,
EXP-5616,2026-01-13,FedEx,Shipping & Postage,Express shipments,322.67,0.00,USD,Business Credit Card,no,
EXP-5609,2026-01-15,USPS,Shipping & Postage,First-class & priority shipping,159.21,0.00,USD,Business Credit Card,no,
EXP-5597,2026-01-16,UPS,Shipping & Postage,Outbound shipping labels,22.65,0.00,USD,Business Credit Card,no,
EXP-5605,2026-01-17,USPS,Shipping & Postage,First-class & priority shipping,16.17,0.00,USD,Business Credit Card,no,
EXP-5620,2026-01-17,ShipStation,Software & Subscriptions,Monthly subscription,96.68,0.00,USD,Business Credit Card,no,
EXP-5640,2026-01-17,Northern Leather Supply,Cost of Goods Sold,Leather raw material order,5716.16,0.00,USD,Business Credit Card,no,
EXP-5600,2026-01-17,UPS,Shipping & Postage,Outbound shipping labels,363.17,0.00,USD,Business Credit Card,no,
EXP-5626,2026-01-17,PayPal Fees,Bank & Processor Fees,Processing fees,99.14,0.00,USD,Business Credit Card,no,
EXP-5622,2026-01-17,Klaviyo,Software & Subscriptions,Email marketing platform,138.00,0.00,USD,Business Credit Card,no,
EXP-5629,2026-01-18,Meta Ads,Advertising & Marketing,Facebook & Instagram ad spend,3996.47,0.00,USD,Business Credit Card,no,
EXP-5635,2026-01-19,TikTok Ads,Advertising & Marketing,Paid social campaign,468.27,0.00,USD,Business Credit Card,no,
EXP-5638,2026-01-19,AWS,Software & Subscriptions,Cloud hosting & storage,314.89,0.00,USD,Business Credit Card,no,
EXP-5619,2026-01-20,FedEx,Shipping & Postage,Express shipments,336.59,0.00,USD,Business Credit Card,no,
EXP-5636,2026-01-20,Adobe Creative Cloud,Software & Subscriptions,Design software subscription,63.22,0.00,USD,Business Credit Card,no,
EXP-5608,2026-01-20,USPS,Shipping & Postage,First-class & priority shipping,69.48,0.00,USD,Business Credit Card,no,
EXP-5631,2026-01-22,Google Ads,Advertising & Marketing,Search & shopping ads,649.43,0.00,USD,Business Credit Card,no,
EXP-5633,2026-01-22,Google Ads,Advertising & Marketing,Search & shopping ads,2274.57,0.00,USD,Business Credit Card,no,
EXP-5603,2026-01-23,UPS,Shipping & Postage,Outbound shipping labels,339.02,0.00,USD,Business Credit Card,no,
EXP-5621,2026-01-23,Shopify,Software & Subscriptions,Monthly storefront subscription,83.73,0.00,USD,Business Credit Card,no,
EXP-5617,2026-01-23,FedEx,Shipping & Postage,Express shipments,75.26,0.00,USD,Business Credit Card,no,
EXP-5646,2026-01-24,AT&T Business,Utilities,Business internet & phone,108.44,0.00,USD,ACH,no,
EXP-5645,2026-01-24,Pacific Gas & Electric,Utilities,Studio utilities,345.43,0.00,USD,ACH,no,
EXP-5632,2026-01-24,Google Ads,Advertising & Marketing,Search & shopping ads,1487.15,0.00,USD,Business Credit Card,no,
EXP-5623,2026-01-24,Stripe Fees,Bank & Processor Fees,Card processing fees,162.46,0.00,USD,Business Credit Card,no,
EXP-5642,2026-01-24,Uline Packaging,Packaging & Supplies,"Boxes, mailers, void fill",407.05,0.00,USD,Business Credit Card,no,
EXP-5641,2026-01-25,Pacific Coast Textiles,Cost of Goods Sold,Fabric raw material order,1226.74,0.00,USD,ACH,no,
EXP-5628,2026-01-27,Meta Ads,Advertising & Marketing,Facebook & Instagram ad spend,4161.45,0.00,USD,Business Credit Card,no,
EXP-5639,2026-01-28,Avalara Sales Tax,Software & Subscriptions,Sales tax automation subscription,89.50,0.00,USD,Business Credit Card,no,
EXP-5612,2026-01-28,USPS,Shipping & Postage,First-class & priority shipping,219.61,0.00,USD,Business Credit Card,no,
EXP-5659,2026-02-01,USPS,Shipping & Postage,First-class & priority shipping,222.55,0.00,USD,Business Credit Card,no,
EXP-5684,2026-02-03,TikTok Ads,Advertising & Marketing,Paid social campaign,1767.63,0.00,USD,Business Credit Card,no,
EXP-5680,2026-02-06,Google Ads,Advertising & Marketing,Search & shopping ads,1624.82,0.00,USD,Business Credit Card,no,
EXP-5663,2026-02-06,USPS,Shipping & Postage,First-class & priority shipping,222.94,0.00,USD,Business Credit Card,no,
EXP-5657,2026-02-07,USPS,Shipping & Postage,First-class & priority shipping,58.95,0.00,USD,Business Credit Card,no,
EXP-5674,2026-02-08,Stripe Fees,Bank & Processor Fees,Card processing fees,444.59,0.00,USD,Business Credit Card,no,
EXP-5649,2026-02-08,UPS,Shipping & Postage,Outbound shipping labels,291.10,0.00,USD,Business Credit Card,no,
EXP-5666,2026-02-08,FedEx,Shipping & Postage,Express shipments,273.67,0.00,USD,Business Credit Card,no,
EXP-5679,2026-02-10,Meta Ads,Advertising & Marketing,Facebook & Instagram ad spend,3294.71,0.00,USD,Business Credit Card,no,
EXP-5676,2026-02-13,PayPal Fees,Bank & Processor Fees,Processing fees,172.42,0.00,USD,Business Credit Card,no,
EXP-5675,2026-02-13,Stripe Fees,Bank & Processor Fees,Card processing fees,807.39,0.00,USD,Business Credit Card,no,
EXP-5656,2026-02-13,UPS,Shipping & Postage,Outbound shipping labels,242.00,0.00,USD,Business Credit Card,no,
EXP-5658,2026-02-14,USPS,Shipping & Postage,First-class & priority shipping,184.90,0.00,USD,Business Credit Card,no,
EXP-5660,2026-02-14,USPS,Shipping & Postage,First-class & priority shipping,58.08,0.00,USD,Business Credit Card,no,
EXP-5687,2026-02-15,Avalara Sales Tax,Software & Subscriptions,Sales tax automation subscription,77.62,0.00,USD,Business Credit Card,no,
EXP-5664,2026-02-15,USPS,Shipping & Postage,First-class & priority shipping,208.91,0.00,USD,Business Credit Card,no,
EXP-5673,2026-02-15,Klaviyo,Software & Subscriptions,Email marketing platform,297.24,0.00,USD,Business Credit Card,no,
EXP-5654,2026-02-16,UPS,Shipping & Postage,Outbound shipping labels,345.22,0.00,USD,Business Credit Card,no,
EXP-5665,2026-02-16,USPS,Shipping & Postage,First-class & priority shipping,166.96,0.00,USD,Business Credit Card,no,
EXP-5692,2026-02-17,Pacific Gas & Electric,Utilities,Studio utilities,274.66,0.00,USD,ACH,no,
EXP-5671,2026-02-18,ShipStation,Software & Subscriptions,Monthly subscription,65.77,0.00,USD,Business Credit Card,no,
EXP-5686,2026-02-18,AWS,Software & Subscriptions,Cloud hosting & storage,168.71,0.00,USD,Business Credit Card,no,
EXP-5677,2026-02-21,PayPal Fees,Bank & Processor Fees,Processing fees,308.59,0.00,USD,Business Credit Card,no,
EXP-5661,2026-02-22,USPS,Shipping & Postage,First-class & priority shipping,237.25,0.00,USD,Business Credit Card,no,
EXP-5689,2026-02-23,Uline Packaging,Packaging & Supplies,"Boxes, mailers, void fill",1478.45,0.00,USD,ACH,no,
EXP-5691,2026-02-23,WeWork Studio Space,Rent,Monthly studio rent,1850.00,0.00,USD,ACH,no,
EXP-5682,2026-02-23,Google Ads,Advertising & Marketing,Search & shopping ads,1948.04,0.00,USD,Business Credit Card,no,
EXP-5688,2026-02-23,Northern Leather Supply,Cost of Goods Sold,Leather raw material order,5642.50,0.00,USD,Business Credit Card,no,
EXP-5668,2026-02-24,FedEx,Shipping & Postage,Express shipments,513.72,0.00,USD,Business Credit Card,no,
EXP-5685,2026-02-25,Adobe Creative Cloud,Software & Subscriptions,Design software subscription,69.63,0.00,USD,Business Credit Card,no,
EXP-5662,2026-02-25,USPS,Shipping & Postage,First-class & priority shipping,53.87,0.00,USD,Business Credit Card,no,
EXP-5672,2026-02-26,Shopify,Software & Subscriptions,Monthly storefront subscription,87.47,0.00,USD,Business Credit Card,no,
EXP-5683,2026-02-27,TikTok Ads,Advertising & Marketing,Paid social campaign,1593.11,0.00,USD,Business Credit Card,no,
EXP-5709,2026-03-01,USPS,Shipping & Postage,First-class & priority shipping,63.26,0.00,USD,Business Credit Card,no,
EXP-5718,2026-03-02,FedEx,Shipping & Postage,Express shipments,80.88,0.00,USD,Business Credit Card,no,
EXP-5708,2026-03-03,USPS,Shipping & Postage,First-class & priority shipping,146.68,0.00,USD,Business Credit Card,no,
EXP-5700,2026-03-04,UPS,Shipping & Postage,Outbound shipping labels,432.52,0.00,USD,Business Credit Card,no,
EXP-5713,2026-03-06,USPS,Shipping & Postage,First-class & priority shipping,40.69,0.00,USD,Business Credit Card,no,
EXP-5719,2026-03-06,FedEx,Shipping & Postage,Express shipments,112.61,0.00,USD,Business Credit Card,no,
EXP-5737,2026-03-09,TikTok Ads,Advertising & Marketing,Paid social campaign,1317.89,0.00,USD,Business Credit Card,no,
EXP-5720,2026-03-10,FedEx,Shipping & Postage,Express shipments,384.71,0.00,USD,Business Credit Card,no,
EXP-5697,2026-03-10,UPS,Shipping & Postage,Outbound shipping labels,156.85,0.00,USD,Business Credit Card,no,
EXP-5699,2026-03-10,UPS,Shipping & Postage,Outbound shipping labels,305.18,0.00,USD,Business Credit Card,no,
EXP-5729,2026-03-11,PayPal Fees,Bank & Processor Fees,Processing fees,175.75,0.00,USD,Business Credit Card,no,
EXP-5738,2026-03-12,Adobe Creative Cloud,Software & Subscriptions,Design software subscription,78.17,0.00,USD,Business Credit Card,no,
EXP-5724,2026-03-12,Stripe Fees,Bank & Processor Fees,Card processing fees,740.07,0.00,USD,Business Credit Card,no,
EXP-5744,2026-03-12,EcoEnclose,Packaging & Supplies,Compostable mailers and tissue,919.75,0.00,USD,ACH,no,
EXP-5743,2026-03-14,EcoEnclose,Packaging & Supplies,Compostable mailers and tissue,726.53,0.00,USD,Business Credit Card,no,
EXP-5707,2026-03-15,USPS,Shipping & Postage,First-class & priority shipping,101.98,0.00,USD,Business Credit Card,no,
EXP-5722,2026-03-15,Shopify,Software & Subscriptions,Monthly storefront subscription,243.85,0.00,USD,Business Credit Card,no,
EXP-5703,2026-03-15,UPS,Shipping & Postage,Outbound shipping labels,244.89,0.00,USD,Business Credit Card,no,
EXP-5727,2026-03-16,PayPal Fees,Bank & Processor Fees,Processing fees,56.04,0.00,USD,Business Credit Card,no,
EXP-5704,2026-03-16,UPS,Shipping & Postage,Outbound shipping labels,266.36,0.00,USD,Business Credit Card,no,
EXP-5710,2026-03-18,USPS,Shipping & Postage,First-class & priority shipping,71.08,0.00,USD,Business Credit Card,no,
EXP-5706,2026-03-19,USPS,Shipping & Postage,First-class & priority shipping,160.32,0.00,USD,Business Credit Card,no,
EXP-5736,2026-03-20,TikTok Ads,Advertising & Marketing,Paid social campaign,2052.98,0.00,USD,Business Credit Card,no,
EXP-5721,2026-03-20,ShipStation,Software & Subscriptions,Monthly subscription,69.06,0.00,USD,Business Credit Card,no,
EXP-5739,2026-03-20,Adobe Creative Cloud,Software & Subscriptions,Design software subscription,69.06,0.00,USD,Business Credit Card,no,
EXP-5741,2026-03-20,Avalara Sales Tax,Software & Subscriptions,Sales tax automation subscription,99.44,0.00,USD,Business Credit Card,no,
EXP-5740,2026-03-21,AWS,Software & Subscriptions,Cloud hosting & storage,299.19,0.00,USD,Business Credit Card,no,
EXP-5714,2026-03-21,USPS,Shipping & Postage,First-class & priority shipping,87.67,0.00,USD,Business Credit Card,no,
EXP-5696,2026-03-23,UPS,Shipping & Postage,Outbound shipping labels,36.01,0.00,USD,Business Credit Card,no,
EXP-5728,2026-03-23,PayPal Fees,Bank & Processor Fees,Processing fees,277.12,0.00,USD,Business Credit Card,no,
EXP-5730,2026-03-23,Meta Ads,Advertising & Marketing,Facebook & Instagram ad spend,1036.20,0.00,USD,Business Credit Card,no,
EXP-5732,2026-03-24,Meta Ads,Advertising & Marketing,Facebook & Instagram ad spend,4117.40,0.00,USD,Business Credit Card,no,
EXP-5698,2026-03-25,UPS,Shipping & Postage,Outbound shipping labels,461.73,0.00,USD,Business Credit Card,no,
EXP-5702,2026-03-25,UPS,Shipping & Postage,Outbound shipping labels,130.46,0.00,USD,Business Credit Card,no,
EXP-5746,2026-03-25,Bench Bookkeeping,Professional Services,Monthly bookkeeping service,249.00,0.00,USD,ACH,no,
EXP-5742,2026-03-26,Uline Packaging,Packaging & Supplies,"Boxes, mailers, void fill",406.32,0.00,USD,ACH,no,
EXP-5735,2026-03-26,Google Ads,Advertising & Marketing,Search & shopping ads,3553.07,0.00,USD,Business Credit Card,no,
EXP-5716,2026-03-27,FedEx,Shipping & Postage,Express shipments,379.99,0.00,USD,Business Credit Card,no,
EXP-5712,2026-03-27,USPS,Shipping & Postage,First-class & priority shipping,54.59,0.00,USD,Business Credit Card,no,
EXP-5725,2026-03-27,Stripe Fees,Bank & Processor Fees,Card processing fees,92.78,0.00,USD,Business Credit Card,no,
EXP-5765,2026-04-01,USPS,Shipping & Postage,First-class & priority shipping,85.36,0.00,USD,Business Credit Card,no,
EXP-5748,2026-04-01,UPS,Shipping & Postage,Outbound shipping labels,401.40,0.00,USD,Business Credit Card,no,
EXP-5790,2026-04-02,TikTok Ads,Advertising & Marketing,Paid social campaign,355.07,0.00,USD,Business Credit Card,no,
EXP-5772,2026-04-03,ShipStation,Software & Subscriptions,Monthly subscription,63.79,0.00,USD,Business Credit Card,no,
EXP-5764,2026-04-05,USPS,Shipping & Postage,First-class & priority shipping,71.63,0.00,USD,Business Credit Card,no,
EXP-5794,2026-04-05,Uline Packaging,Packaging & Supplies,"Boxes, mailers, void fill",468.84,0.00,USD,ACH,no,
EXP-5798,2026-04-06,AT&T Business,Utilities,Business internet & phone,94.06,0.00,USD,ACH,no,
EXP-5768,2026-04-06,FedEx,Shipping & Postage,Express shipments,375.09,0.00,USD,Business Credit Card,no,
EXP-5776,2026-04-07,Stripe Fees,Bank & Processor Fees,Card processing fees,752.42,0.00,USD,Business Credit Card,no,
EXP-5749,2026-04-07,UPS,Shipping & Postage,Outbound shipping labels,166.68,0.00,USD,Business Credit Card,no,
EXP-5761,2026-04-07,USPS,Shipping & Postage,First-class & priority shipping,141.11,0.00,USD,Business Credit Card,no,
EXP-5793,2026-04-07,Avalara Sales Tax,Software & Subscriptions,Sales tax automation subscription,95.22,0.00,USD,Business Credit Card,no,
EXP-5781,2026-04-10,PayPal Fees,Bank & Processor Fees,Processing fees,251.54,0.00,USD,Business Credit Card,no,
EXP-5792,2026-04-10,AWS,Software & Subscriptions,Cloud hosting & storage,349.99,0.00,USD,Business Credit Card,no,
EXP-5787,2026-04-10,Google Ads,Advertising & Marketing,Search & shopping ads,3368.59,0.00,USD,Business Credit Card,no,
EXP-5762,2026-04-11,USPS,Shipping & Postage,First-class & priority shipping,193.09,0.00,USD,Business Credit Card,no,
EXP-5779,2026-04-11,PayPal Fees,Bank & Processor Fees,Processing fees,296.71,0.00,USD,Business Credit Card,no,
EXP-5796,2026-04-12,WeWork Studio Space,Rent,Monthly studio rent,1850.00,0.00,USD,ACH,no,
EXP-5766,2026-04-13,USPS,Shipping & Postage,First-class & priority shipping,152.60,0.00,USD,Business Credit Card,no,
EXP-5799,2026-04-15,Bench Bookkeeping,Professional Services,Monthly bookkeeping service,249.00,0.00,USD,ACH,no,
EXP-5786,2026-04-17,Google Ads,Advertising & Marketing,Search & shopping ads,576.16,0.00,USD,Business Credit Card,no,
EXP-5778,2026-04-17,PayPal Fees,Bank & Processor Fees,Processing fees,61.99,0.00,USD,Business Credit Card,no,
EXP-5783,2026-04-17,Meta Ads,Advertising & Marketing,Facebook & Instagram ad spend,2906.87,0.00,USD,Business Credit Card,no,
EXP-5758,2026-04-17,USPS,Shipping & Postage,First-class & priority shipping,76.05,0.00,USD,Business Credit Card,no,
EXP-5760,2026-04-18,USPS,Shipping & Postage,First-class & priority shipping,131.40,0.00,USD,Business Credit Card,no,
EXP-5767,2026-04-19,FedEx,Shipping & Postage,Express shipments,381.44,0.00,USD,Business Credit Card,no,
EXP-5795,2026-04-20,EcoEnclose,Packaging & Supplies,Compostable mailers and tissue,918.71,0.00,USD,ACH,no,
EXP-5797,2026-04-23,Pacific Gas & Electric,Utilities,Studio utilities,316.88,0.00,USD,ACH,no,
EXP-5759,2026-04-24,USPS,Shipping & Postage,First-class & priority shipping,164.70,0.00,USD,Business Credit Card,no,
EXP-5780,2026-04-24,PayPal Fees,Bank & Processor Fees,Processing fees,281.53,0.00,USD,Business Credit Card,no,
EXP-5757,2026-04-24,USPS,Shipping & Postage,First-class & priority shipping,19.11,0.00,USD,Business Credit Card,no,
EXP-5791,2026-04-24,Adobe Creative Cloud,Software & Subscriptions,Design software subscription,62.80,0.00,USD,Business Credit Card,no,
EXP-5752,2026-04-26,UPS,Shipping & Postage,Outbound shipping labels,28.64,0.00,USD,Business Credit Card,no,
EXP-5763,2026-04-26,USPS,Shipping & Postage,First-class & priority shipping,88.74,0.00,USD,Business Credit Card,no,
EXP-5755,2026-04-28,UPS,Shipping & Postage,Outbound shipping labels,263.30,0.00,USD,Business Credit Card,no,
EXP-5769,2026-04-28,FedEx,Shipping & Postage,Express shipments,488.32,0.00,USD,Business Credit Card,no,
EXP-5782,2026-04-28,Meta Ads,Advertising & Marketing,Facebook & Instagram ad spend,593.01,0.00,USD,Business Credit Card,no,
EXP-5829,2026-05-02,AT&T Business,Utilities,Business internet & phone,95.43,0.00,USD,ACH,no,
EXP-5819,2026-05-03,Meta Ads,Advertising & Marketing,Facebook & Instagram ad spend,3369.72,0.00,USD,Business Credit Card,no,
EXP-5805,2026-05-03,USPS,Shipping & Postage,First-class & priority shipping,233.84,0.00,USD,Business Credit Card,no,
EXP-5807,2026-05-03,USPS,Shipping & Postage,First-class & priority shipping,196.21,0.00,USD,Business Credit Card,no,
EXP-5818,2026-05-04,PayPal Fees,Bank & Processor Fees,Processing fees,138.73,0.00,USD,Business Credit Card,no,
EXP-5822,2026-05-06,Google Ads,Advertising & Marketing,Search & shopping ads,3510.71,0.00,USD,Business Credit Card,no,
EXP-5816,2026-05-06,Stripe Fees,Bank & Processor Fees,Card processing fees,260.16,0.00,USD,Business Credit Card,no,
EXP-5821,2026-05-08,Google Ads,Advertising & Marketing,Search & shopping ads,2303.39,0.00,USD,Business Credit Card,no,
EXP-5811,2026-05-08,FedEx,Shipping & Postage,Express shipments,101.95,0.00,USD,Business Credit Card,no,
EXP-5812,2026-05-09,FedEx,Shipping & Postage,Express shipments,567.28,0.00,USD,Business Credit Card,no,
EXP-5809,2026-05-10,USPS,Shipping & Postage,First-class & priority shipping,166.17,0.00,USD,Business Credit Card,no,
EXP-5804,2026-05-10,UPS,Shipping & Postage,Outbound shipping labels,167.53,0.00,USD,Business Credit Card,no,
EXP-5823,2026-05-11,TikTok Ads,Advertising & Marketing,Paid social campaign,594.78,0.00,USD,Business Credit Card,no,
EXP-5817,2026-05-12,Stripe Fees,Bank & Processor Fees,Card processing fees,511.46,0.00,USD,Business Credit Card,no,
EXP-5820,2026-05-13,Google Ads,Advertising & Marketing,Search & shopping ads,2199.63,0.00,USD,Business Credit Card,no,
EXP-5828,2026-05-13,Pacific Gas & Electric,Utilities,Studio utilities,212.03,0.00,USD,ACH,no,
EXP-5802,2026-05-13,UPS,Shipping & Postage,Outbound shipping labels,95.76,0.00,USD,Business Credit Card,no,
EXP-5813,2026-05-13,FedEx,Shipping & Postage,Express shipments,125.93,0.00,USD,Business Credit Card,no,
EXP-5824,2026-05-14,Adobe Creative Cloud,Software & Subscriptions,Design software subscription,69.17,0.00,USD,Business Credit Card,no,
EXP-5810,2026-05-15,FedEx,Shipping & Postage,Express shipments,299.68,0.00,USD,Business Credit Card,no,
EXP-5806,2026-05-15,USPS,Shipping & Postage,First-class & priority shipping,138.86,0.00,USD,Business Credit Card,no,
EXP-5803,2026-05-15,UPS,Shipping & Postage,Outbound shipping labels,300.44,0.00,USD,Business Credit Card,no,
